Name;Discount
Bikes;0,00
Components;0,00
Clothing;15,33
Accessories;5
Mountain Bikes;0,00
Road Bikes;0,00
Touring Bikes;0,00
Handlebars;3,33
Bottom Brackets;0,00
Brakes;0,00
Chains;10,00
Cranksets;0,00
Derailleurs;0,00
Forks;0,00
Headsets;50,00
Mountain Frames;0,00
Pedals;0,00
Road Frames;0,00
Saddles;0,00
Touring Frames;0,00
Wheels;0,00
Bib-Shorts;0,00
Caps;15,33
Gloves;15,33
Jerseys;15,33
Shorts;15,33
Socks;15,33
Tights;15,33
Vests;15,33
Bike Racks;0,00
Bike Stands;0,00
Bottles and Cages;0,00
Cleaners;0,00
Fenders;0,00
Helmets;0,00
Hydration Packs;0,00
Lights;7,50
Locks;7,50
Panniers;7,50
Pumps;7,50
Tires and Tubes;7,50
